{
    "uncorrected_alpha": 0.001,
    "fdr_alpha": 0.05,
    "fwe_alpha": 0.05,
    "fwe_permutations_results": {
        "max_t": 61.93530244804794,
        "min_t": -62.005842374944606,
        "n_permutations": 4
    }
}